Subset,Predictor,n,Pearson_r,p_value
2-4 mismatch subset,S_ECI,8,0.9152814652470628,0.0014251613930117
2-4 mismatch subset,DeltaG37_kcal_mol,8,-0.4441113804158873,0.2703052580759403
2-4 mismatch subset,N_box_k3,8,0.8957690182009062,0.0026142485739281
2-4 mismatch subset,N_box_k4,8,0.8828879647420768,0.0036711054527036
2-4 mismatch subset,N_box_k5,8,0.8721008715692937,0.0047415970967068
strict 3-mismatch subset,S_ECI,5,0.9583418102580634,0.0101426608719099
strict 3-mismatch subset,DeltaG37_kcal_mol,5,-0.0420103087197219,0.9465265513606884
strict 3-mismatch subset,N_box_k3,5,0.943616978091154,0.0159348829759425
strict 3-mismatch subset,N_box_k4,5,0.937794306861185,0.0184495040562741
strict 3-mismatch subset,N_box_k5,5,0.9421569137484184,0.0165541392819907
